{"RuleTriggered": 0, "Violations": 0, "Details": {"pin_memory": false, "num_workers": 0, "cores": 2, "dataloaders": 1, "dataloading_time": {"p25": 0.9500085, "p50": 0.9668835, "p95": 1.0214132, "probs": [1, 0, 0, 0, 0, 0, 0, 0, 0, 0, 0, 0, 0, 0, 0, 0, 0, 1, 0, 0, 0, 0, 0, 0, 0, 0, 0, 0, 0, 0, 0, 0, 0, 0, 0, 0, 0, 1, 0, 0, 0, 0, 0, 0, 1, 0, 0, 0, 0, 1, 0, 0, 0, 0, 0, 0, 0, 1, 0, 0, 0, 0, 0, 0, 0, 0, 0, 0, 0, 0, 0, 0, 0, 0, 1, 0, 0, 0, 0, 0, 0, 0, 0, 0, 0, 0, 0, 0, 0, 0, 0, 0, 0, 0, 1, 0, 1, 0, 0, 1], "binedges": [0.90235, 0.90355712, 0.90476424, 0.90597136, 0.90717848, 0.9083856, 0.90959272, 0.91079984, 0.91200696, 0.9132140799999999, 0.9144211999999999, 0.9156283199999999, 0.91683544, 0.91804256, 0.91924968, 0.9204568, 0.92166392, 0.92287104, 0.92407816, 0.92528528, 0.9264924, 0.92769952, 0.92890664, 0.93011376, 0.93132088, 0.932528, 0.9337351199999999, 0.9349422399999999, 0.9361493599999999, 0.9373564799999999, 0.9385635999999999, 0.93977072, 0.94097784, 0.94218496, 0.94339208, 0.9445992, 0.94580632, 0.94701344, 0.94822056, 0.94942768, 0.9506348, 0.9518419199999999, 0.9530490399999999, 0.9542561599999999, 0.9554632799999999, 0.9566703999999999, 0.9578775199999999, 0.9590846399999999, 0.9602917599999999, 0.96149888, 0.962706, 0.96391312, 0.96512024, 0.96632736, 0.96753448, 0.9687416, 0.96994872, 0.97115584, 0.9723629599999999, 0.9735700799999999, 0.9747771999999999, 0.9759843199999999, 0.9771914399999999, 0.9783985599999999, 0.9796056799999999, 0.9808127999999999, 0.9820199199999999, 0.9832270399999999, 0.98443416, 0.98564128, 0.9868484, 0.98805552, 0.98926264, 0.99046976, 0.99167688, 0.9928839999999999, 0.9940911199999999, 0.9952982399999999, 0.9965053599999999, 0.9977124799999999, 0.9989195999999999, 1.00012672, 1.00133384, 1.00254096, 1.0037480799999998, 1.0049552, 1.0061623199999998, 1.00736944, 1.0085765599999998, 1.00978368, 1.0109907999999999, 1.01219792, 1.0134050399999999, 1.01461216, 1.0158192799999999, 1.0170264, 1.01823352, 1.01944064, 1.02064776, 1.0218548799999998, 1.023062]}}, "Datapoints": 10, "RuleParameters": "min_threshold:70\nmax_threshold:200"}