{"RuleTriggered": 0, "Violations": 0, "Details": {"pin_memory": false, "num_workers": 0, "cores": 2, "dataloaders": 1, "dataloading_time": {"p25": 0.92055575, "p50": 0.944401, "p95": 1.0007411499999999, "probs": [1, 0, 0, 0, 0, 0, 0, 0, 0, 0, 0, 1, 0, 0, 0, 0, 0, 0, 0, 0, 0, 0, 0, 0, 0, 1, 0, 0, 0, 0, 0, 0, 0, 1, 0, 0, 0, 0, 0, 0, 0, 0, 0, 0, 0, 1, 0, 0, 1, 0, 0, 0, 0, 0, 0, 0, 0, 0, 0, 0, 0, 0, 0, 0, 0, 0, 0, 0, 0, 0, 0, 1, 0, 1, 0, 0, 0, 0, 0, 0, 0, 0, 1, 0, 0, 0, 0, 0, 0, 0, 0, 0, 0, 0, 0, 0, 0, 0, 0, 1], "binedges": [0.886457, 0.8876955700000001, 0.88893414, 0.8901727100000001, 0.89141128, 0.8926498500000001, 0.89388842, 0.8951269900000001, 0.89636556, 0.8976041300000001, 0.8988427, 0.90008127, 0.90131984, 0.90255841, 0.9037969800000001, 0.90503555, 0.9062741200000001, 0.90751269, 0.9087512600000001, 0.90998983, 0.9112284, 0.91246697, 0.91370554, 0.91494411, 0.91618268, 0.91742125, 0.91865982, 0.9198983900000001, 0.92113696, 0.92237553, 0.9236141, 0.92485267, 0.92609124, 0.92732981, 0.92856838, 0.92980695, 0.93104552, 0.93228409, 0.93352266, 0.93476123, 0.9359998, 0.93723837, 0.93847694, 0.93971551, 0.94095408, 0.94219265, 0.94343122, 0.94466979, 0.94590836, 0.9471469299999999, 0.9483855, 0.94962407, 0.95086264, 0.95210121, 0.95333978, 0.95457835, 0.95581692, 0.95705549, 0.95829406, 0.95953263, 0.9607711999999999, 0.96200977, 0.9632483399999999, 0.96448691, 0.9657254799999999, 0.96696405, 0.96820262, 0.96944119, 0.97067976, 0.9719183299999999, 0.9731569, 0.9743954699999999, 0.97563404, 0.9768726099999999, 0.97811118, 0.9793497499999999, 0.98058832, 0.98182689, 0.98306546, 0.98430403, 0.9855425999999999, 0.98678117, 0.9880197399999999, 0.98925831, 0.9904968799999999, 0.99173545, 0.9929740199999999, 0.99421259, 0.99545116, 0.9966897299999999, 0.9979282999999999, 0.9991668699999999, 1.00040544, 1.00164401, 1.0028825799999999, 1.00412115, 1.00535972, 1.00659829, 1.0078368599999998, 1.00907543, 1.010314]}}, "Datapoints": 10, "RuleParameters": "min_threshold:70\nmax_threshold:200"}