{"RuleTriggered": 0, "Violations": 0, "Details": {"pin_memory": false, "num_workers": 0, "cores": 2, "dataloaders": 1, "dataloading_time": {"p25": 0.886028, "p50": 0.908678, "p95": 0.9696327, "probs": [1, 0, 0, 0, 2, 0, 0, 0, 0, 0, 0, 1, 0, 0, 0, 0, 0, 0, 0, 0, 0, 1, 0, 0, 0, 0, 0, 0, 0, 0, 0, 0, 0, 1, 0, 0, 0, 0, 0, 0, 0, 0, 0, 0, 0, 0, 0, 1, 0, 0, 0, 0, 0, 1, 0, 0, 0, 0, 0, 0, 0, 0, 0, 0, 1, 0, 0, 0, 0, 0, 0, 0, 0, 0, 0, 0, 0, 0, 0, 0, 0, 0, 0, 0, 0, 0, 0, 0, 0, 0, 0, 0, 0, 0, 0, 0, 0, 0, 0, 1], "binedges": [0.879272, 0.8803450500000001, 0.8814181000000001, 0.88249115, 0.8835642, 0.88463725, 0.8857103000000001, 0.8867833500000001, 0.8878564000000001, 0.88892945, 0.8900025, 0.89107555, 0.8921486000000001, 0.8932216500000001, 0.8942947, 0.89536775, 0.8964408, 0.8975138500000001, 0.8985869000000001, 0.8996599500000001, 0.900733, 0.90180605, 0.9028791, 0.9039521500000001, 0.9050252000000001, 0.9060982500000001, 0.9071713, 0.90824435, 0.9093174, 0.9103904500000001, 0.9114635000000001, 0.91253655, 0.9136096, 0.91468265, 0.9157557000000001, 0.9168287500000001, 0.9179018000000001, 0.91897485, 0.9200479, 0.92112095, 0.9221940000000001, 0.9232670500000001, 0.9243401, 0.92541315, 0.9264862, 0.9275592500000001, 0.9286323000000001, 0.9297053500000001, 0.9307784, 0.93185145, 0.9329245, 0.9339975500000001, 0.9350706000000001, 0.93614365, 0.9372167, 0.93828975, 0.9393628, 0.9404358500000001, 0.9415089000000001, 0.94258195, 0.943655, 0.94472805, 0.9458011000000001, 0.9468741500000001, 0.9479472, 0.94902025, 0.9500933, 0.95116635, 0.9522394000000001, 0.9533124500000001, 0.9543855, 0.95545855, 0.9565316, 0.9576046500000001, 0.9586777000000001, 0.95975075, 0.9608238, 0.96189685, 0.9629699, 0.9640429500000001, 0.9651160000000001, 0.9661890500000001, 0.9672621, 0.96833515, 0.9694082, 0.9704812500000001, 0.9715543, 0.97262735, 0.9737004, 0.97477345, 0.9758465000000001, 0.9769195500000001, 0.9779926000000001, 0.97906565, 0.9801387, 0.98121175, 0.9822848000000001, 0.9833578500000001, 0.9844309, 0.98550395, 0.986577]}}, "Datapoints": 10, "RuleParameters": "min_threshold:70\nmax_threshold:200"}