{"RuleTriggered": 0, "Violations": 0, "Details": {"ratio": {"cpu_functions": 100.0}, "phase": {"Step:ModeKeys.TRAIN": 97.46151776239644, "others": -16.623916680473354, "Step:ModeKeys.EVAL": 9.952932958788415, "Step:ModeKeys.PREDICT": 9.209465959288492}, "phase_time": {}, "CPU": {"aten::conv2d": 18.427010241695484, "aten::convolution": 18.426577538103267, "aten::_convolution": 18.42629610407448, "aten::mkldnn_convolution": 18.425521792383144, "aten::batch_norm": 8.765390144278475, "aten::_batch_norm_impl_index": 8.76488951171942, "aten::native_batch_norm": 8.76431466774573}, "CPU_total": {"aten::conv2d": 187718019, "aten::convolution": 187713611, "aten::_convolution": 187710744, "aten::mkldnn_convolution": 187702856, "aten::batch_norm": 89294012, "aten::_batch_norm_impl_index": 89288912, "aten::native_batch_norm": 89283056}, "general": {"DataLoaderIterInitialize": 1.5395195341553667e-05, "DataLoaderIter": 0.12853158088800284, "Forward": 99.87145302391666}}, "Datapoints": 0, "RuleParameters": ""}