{"RuleTriggered": 0, "Violations": 0, "Details": {"ratio": {"cpu_functions": 100.0}, "phase": {"Step:ModeKeys.TRAIN": 103.8480711971836, "others": -19.16078653815509, "Step:ModeKeys.EVAL": 10.694902809134845, "Step:ModeKeys.PREDICT": 4.617812531836647}, "phase_time": {}, "CPU": {"aten::conv2d": 18.5011029702719, "aten::convolution": 18.500677682581358, "aten::_convolution": 18.500386219264993, "aten::mkldnn_convolution": 18.499588479443744, "aten::batch_norm": 8.666583615851403, "aten::_batch_norm_impl_index": 8.66612207602492, "aten::native_batch_norm": 8.665538956561674}, "CPU_total": {"aten::conv2d": 191889789, "aten::convolution": 191885378, "aten::_convolution": 191882355, "aten::mkldnn_convolution": 191874081, "aten::batch_norm": 89888095, "aten::_batch_norm_impl_index": 89883308, "aten::native_batch_norm": 89877260}, "general": {"DataLoaderIterInitialize": 1.0065435828402787e-05, "DataLoaderIter": 0.07329903892464674, "Forward": 99.92669089563952}}, "Datapoints": 0, "RuleParameters": ""}