{"RuleTriggered": 0, "Violations": 0, "Details": {"ratio": {"cpu_functions": 100.0}, "phase": {"Step:ModeKeys.TRAIN": 104.45936307696772, "others": -21.49304127621284, "Step:ModeKeys.EVAL": 10.008083561959713, "Step:ModeKeys.PREDICT": 7.02559463728539}, "phase_time": {}, "CPU": {"aten::conv2d": 18.47935363676399, "aten::convolution": 18.47893028492181, "aten::_convolution": 18.47861968360487, "aten::mkldnn_convolution": 18.477871172535647, "aten::batch_norm": 8.695582744533773, "aten::_batch_norm_impl_index": 8.695112103909777, "aten::native_batch_norm": 8.694530373730142}, "CPU_total": {"aten::conv2d": 189135918, "aten::convolution": 189131585, "aten::_convolution": 189128406, "aten::mkldnn_convolution": 189120745, "aten::batch_norm": 88999164, "aten::_batch_norm_impl_index": 88994347, "aten::native_batch_norm": 88988393}, "general": {"DataLoaderIterInitialize": 1.1620142809331459e-05, "DataLoaderIter": 0.09321531956965036, "Forward": 99.90677306028753}}, "Datapoints": 0, "RuleParameters": ""}