{"RuleTriggered": 0, "Violations": 0, "Details": {"step_details": {"algo-1-27": {"step_stats": {"mean": 33.98368440571428, "max": 72.068733, "p99": 71.26074994, "p95": 69.01392609999999, "p50": 30.294826, "min": 5.596791}, "number_of_outliers": 7, "phase": "Step:ModeKeys.TRAIN", "stddev": 12.07, "probs": [1, 0, 1, 0, 0, 0, 0, 0, 0, 0, 0, 0, 0, 0, 0, 0, 0, 0, 0, 0, 0, 0, 0, 0, 0, 0, 0, 0, 0, 0, 0, 0, 0, 0, 0, 0, 1, 24, 75, 51, 3, 0, 0, 0, 0, 0, 0, 0, 0, 0, 0, 0, 0, 0, 0, 0, 0, 0, 0, 0, 0, 0, 0, 0, 0, 2, 0, 0, 0, 0, 0, 0, 0, 0, 0, 0, 0, 0, 0, 0, 0, 0, 0, 0, 0, 0, 0, 0, 0, 0, 0, 0, 0, 0, 0, 0, 1, 3, 2, 4], "binedges": [5.596791, 6.233512289999999, 6.87023358, 7.5069548699999995, 8.14367616, 8.780397449999999, 9.41711874, 10.05384003, 10.69056132, 11.32728261, 11.9640039, 12.600725189999999, 13.23744648, 13.87416777, 14.51088906, 15.147610349999999, 15.78433164, 16.421052930000002, 17.05777422, 17.69449551, 18.3312168, 18.967938089999997, 19.60465938, 20.241380669999998, 20.87810196, 21.51482325, 22.15154454, 22.78826583, 23.42498712, 24.061708409999998, 24.6984297, 25.33515099, 25.97187228, 26.60859357, 27.24531486, 27.88203615, 28.518757439999998, 29.15547873, 29.79220002, 30.42892131, 31.0656426, 31.70236389, 32.33908518, 32.975806469999995, 33.61252776, 34.24924905, 34.88597034, 35.52269163, 36.159412919999994, 36.79613421, 37.4328555, 38.06957679, 38.706298079999996, 39.34301936999999, 39.979740660000004, 40.61646195, 41.25318324, 41.889904529999995, 42.52662581999999, 43.163347110000004, 43.8000684, 44.43678969, 45.073510979999995, 45.710232270000006, 46.34695356, 46.98367485, 47.62039614, 48.257117429999994, 48.893838720000005, 49.53056001, 50.1672813, 50.804002589999996, 51.44072387999999, 52.077445170000004, 52.71416646, 53.35088775, 53.987609039999995, 54.62433032999999, 55.26105162, 55.89777291, 56.5344942, 57.171215489999994, 57.807936780000006, 58.44465807, 59.08137936, 59.71810065, 60.354821939999994, 60.991543230000005, 61.62826452, 62.26498581, 62.901707099999996, 63.53842838999999, 64.17514968, 64.81187097, 65.44859226, 66.08531355, 66.72203483999999, 67.35875613, 67.99547742, 68.63219871, 69.26892], "step_numbers": ["1", "1", "1", "2", "2", "7", "7"]}}}, "Datapoints": 223, "RuleParameters": "threshold:3\nmode:None\nn_outliers:10\nstddev:3"}