{"RuleTriggered": 37, "Violations": 613, "Details": {"step_details": {"algo-1-27": {"step_stats": {"mean": 32.94455244528302, "max": 71.170496, "p99": 70.042569, "p95": 67.58447, "p50": 30.666447, "min": 5.398813}, "number_of_outliers": 17, "phase": "Step:ModeKeys.TRAIN", "stddev": 9.97, "probs": [3, 0, 0, 0, 0, 0, 0, 0, 0, 0, 0, 0, 0, 0, 0, 0, 0, 0, 0, 0, 0, 0, 0, 0, 0, 0, 0, 0, 0, 0, 0, 0, 0, 0, 0, 0, 0, 0, 0, 0, 0, 0, 0, 0, 0, 0, 0, 0, 0, 0, 0, 0, 0, 0, 0, 0, 19, 25, 26, 71, 47, 42, 8, 2, 0, 0, 0, 0, 0, 0, 0, 0, 0, 0, 0, 0, 0, 2, 0, 0, 0, 1, 0, 0, 0, 0, 0, 0, 0, 0, 0, 0, 0, 0, 0, 0, 0, 0, 0, 2], "binedges": [5.398813, 5.820800589999999, 6.24278818, 6.664775769999999, 7.08676336, 7.50875095, 7.93073854, 8.35272613, 8.77471372, 9.19670131, 9.618688899999999, 10.04067649, 10.46266408, 10.88465167, 11.30663926, 11.728626850000001, 12.15061444, 12.572602029999999, 12.99458962, 13.41657721, 13.8385648, 14.26055239, 14.682539980000001, 15.104527570000002, 15.526515159999999, 15.94850275, 16.37049034, 16.79247793, 17.21446552, 17.63645311, 18.058440700000002, 18.48042829, 18.90241588, 19.32440347, 19.74639106, 20.16837865, 20.59036624, 21.012353830000002, 21.434341420000003, 21.856329010000003, 22.2783166, 22.70030419, 23.12229178, 23.54427937, 23.966266960000002, 24.388254550000003, 24.810242140000003, 25.23222973, 25.65421732, 26.07620491, 26.498192500000002, 26.920180090000002, 27.342167680000003, 27.764155270000003, 28.18614286, 28.60813045, 29.03011804, 29.452105630000002, 29.874093220000002, 30.296080810000003, 30.718068400000003, 31.14005599, 31.56204358, 31.98403117, 32.40601876, 32.82800635, 33.24999394, 33.671981530000004, 34.09396912, 34.51595671, 34.9379443, 35.35993189, 35.78191948, 36.20390707, 36.62589466, 37.04788225, 37.46986984, 37.89185743, 38.31384502, 38.735832609999996, 39.157820199999996, 39.57980779, 40.00179538, 40.42378297, 40.84577056, 41.26775815, 41.68974574, 42.11173333, 42.53372092, 42.95570851, 43.3776961, 43.79968369, 44.22167128, 44.643658869999996, 45.065646459999996, 45.48763405, 45.90962164, 46.33160923, 46.75359682, 47.17558441, 47.597572], "step_numbers": ["1", "1", "2", "2", "3", "3", "4", "5", "5", "6", "6", "7", "7", "8", "8", "9", "9"]}}, "ratio": {}, "phase": {"Step:ModeKeys.PREDICT": 100.0}, "phase_time": {}, "general": {"Forward": 100.0}}, "Datapoints": 325, "RuleParameters": "threshold:3\nmode:None\nn_outliers:10\nstddev:3"}