{"RuleTriggered": 65, "Violations": 1157, "Details": {"step_details": {"algo-1-27": {"step_stats": {"mean": 32.78893580113636, "max": 73.384998, "p99": 69.238502, "p95": 55.33337749999977, "p50": 31.339319, "min": 5.664819}, "number_of_outliers": 18, "phase": "Step:ModeKeys.TRAIN", "stddev": 8.96, "probs": [4, 0, 0, 0, 0, 0, 0, 0, 0, 0, 0, 0, 0, 0, 0, 0, 0, 0, 0, 0, 0, 0, 0, 0, 0, 0, 0, 0, 0, 0, 0, 0, 0, 0, 0, 0, 0, 0, 0, 0, 0, 0, 0, 0, 0, 0, 0, 0, 0, 0, 0, 0, 0, 0, 0, 0, 0, 0, 23, 4, 38, 88, 6, 100, 61, 0, 2, 0, 0, 0, 0, 0, 0, 0, 2, 0, 0, 0, 2, 0, 0, 0, 0, 0, 0, 0, 0, 0, 0, 0, 2, 0, 0, 0, 0, 0, 0, 0, 0, 2], "binedges": [5.664819, 6.06941375, 6.4740085, 6.878603249999999, 7.283198, 7.68779275, 8.0923875, 8.496982249999999, 8.901577, 9.30617175, 9.7107665, 10.11536125, 10.519956, 10.92455075, 11.3291455, 11.73374025, 12.138335, 12.542929749999999, 12.9475245, 13.35211925, 13.756714, 14.16130875, 14.5659035, 14.97049825, 15.375093, 15.779687749999999, 16.184282500000002, 16.58887725, 16.993471999999997, 17.398066749999998, 17.8026615, 18.20725625, 18.611851, 19.01644575, 19.4210405, 19.825635249999998, 20.23023, 20.63482475, 21.0394195, 21.444014250000002, 21.848609000000003, 22.253203749999997, 22.6577985, 23.06239325, 23.466988, 23.87158275, 24.276177500000003, 24.680772249999997, 25.085366999999998, 25.48996175, 25.8945565, 26.29915125, 26.703746000000002, 27.108340749999996, 27.512935499999998, 27.91753025, 28.322125, 28.72671975, 29.131314500000002, 29.535909250000003, 29.940503999999997, 30.34509875, 30.7496935, 31.15428825, 31.558883, 31.963477750000003, 32.3680725, 32.77266725, 33.177262, 33.58185675, 33.9864515, 34.39104625, 34.795641, 35.20023575, 35.6048305, 36.00942525, 36.41402, 36.81861475, 37.2232095, 37.62780425, 38.032399000000005, 38.43699375, 38.8415885, 39.24618325, 39.650778, 40.055372750000004, 40.459967500000005, 40.86456225, 41.269157, 41.67375175, 42.0783465, 42.48294125, 42.887536000000004, 43.29213075, 43.6967255, 44.10132025, 44.505915, 44.91050975, 45.315104500000004, 45.719699250000005, 46.124294], "step_numbers": ["1", "1", "2", "2", "2", "3", "3", "4", "4", "5", "5", "6", "6", "7", "8", "8", "9", "9"]}}, "ratio": {}, "phase": {"Step:ModeKeys.PREDICT": 100.0}, "phase_time": {}, "general": {"Forward": 100.0}}, "Datapoints": 422, "RuleParameters": "threshold:3\nmode:None\nn_outliers:10\nstddev:3"}